False Positive Rate,True Positive Rate,Threshold,Class
0.0,0.0,inf,coast
0.0007267441860465116,0.0,0.13083129,coast
0.0029069767441860465,0.0,0.13082572,coast
0.00872093023255814,0.01694915254237288,0.13082248,coast
0.00872093023255814,0.0211864406779661,0.1308224,coast
0.013808139534883721,0.025423728813559324,0.13082224,coast
0.025436046511627907,0.1271186440677966,0.1308216,coast
0.056686046511627904,0.2076271186440678,0.13082135,coast
0.10828488372093023,0.8686440677966102,0.13081359,coast
0.11119186046511628,0.8686440677966102,0.12895869,coast
0.1119186046511628,0.8728813559322034,0.12895453,coast
0.11409883720930232,0.8728813559322034,0.12895416,coast
0.11700581395348837,0.8728813559322034,0.12894733,coast
0.11773255813953488,0.8728813559322034,0.12894049,coast
0.11918604651162791,0.8728813559322034,0.12893718,coast
0.11991279069767442,0.8728813559322034,0.12893569,coast
0.13662790697674418,0.8728813559322034,0.1289238,coast
0.14171511627906977,0.8771186440677966,0.12875685,coast
0.14244186046511628,0.8771186440677966,0.12875239,coast
0.15479651162790697,0.8813559322033898,0.12874853,coast
0.15625,0.8813559322033898,0.12873975,coast
0.15843023255813954,0.8813559322033898,0.12834264,coast
0.16279069767441862,0.8898305084745762,0.12833882,coast
0.18095930232558138,0.8983050847457628,0.12833858,coast
0.1816860465116279,0.8983050847457628,0.12833651,coast
0.18531976744186046,0.8983050847457628,0.12833415,coast
0.18531976744186046,0.923728813559322,0.12833096,coast
0.1882267441860465,0.923728813559322,0.12665957,coast
0.18968023255813954,0.923728813559322,0.12664706,coast
0.30450581395348836,0.9279661016949152,0.12664261,coast
0.30886627906976744,0.9279661016949152,0.12663398,coast
0.31031976744186046,0.9279661016949152,0.12649665,coast
0.3125,0.9279661016949152,0.12649269,coast
0.313953488372093,0.9279661016949152,0.12649194,coast
0.31468023255813954,0.9279661016949152,0.12649029,coast
0.31613372093023256,0.9279661016949152,0.12648695,coast
0.3190406976744186,0.9279661016949152,0.12648378,coast
0.32049418604651164,0.9279661016949152,0.12648254,coast
0.32848837209302323,0.9322033898305084,0.12648171,coast
0.33575581395348836,0.9364406779661016,0.12647813,coast
0.33648255813953487,0.9364406779661016,0.12647794,coast
0.3488372093023256,0.9364406779661016,0.12647479,coast
0.3539244186046512,0.9364406779661016,0.12647413,coast
0.36119186046511625,0.9364406779661016,0.12647248,coast
0.3626453488372093,0.9364406779661016,0.12647239,coast
0.36773255813953487,0.9364406779661016,0.12647208,coast
0.38299418604651164,0.9364406779661016,0.12646703,coast
0.38444767441860467,0.9364406779661016,0.12646529,coast
0.3851744186046512,0.9364406779661016,0.12646169,coast
0.5770348837209303,0.9745762711864406,0.12645992,coast
0.5792151162790697,0.9745762711864406,0.1244762,coast
0.5857558139534884,0.9745762711864406,0.12447127,coast
0.5901162790697675,0.9745762711864406,0.12446698,coast
0.590843023255814,0.9745762711864406,0.12425166,coast
0.5959302325581395,0.9745762711864406,0.12425108,coast
0.596656976744186,0.9745762711864406,0.12424749,coast
0.623546511627907,0.9745762711864406,0.12424677,coast
0.6417151162790697,0.9745762711864406,0.12424107,coast
0.6424418604651163,0.9745762711864406,0.12424084,coast
0.6453488372093024,0.9745762711864406,0.1242346,coast
0.6497093023255814,0.9745762711864406,0.12423317,coast
0.6569767441860465,1.0,0.12423044,coast
0.657703488372093,1.0,0.12422924,coast
0.6606104651162791,1.0,0.12422653,coast
0.6838662790697675,1.0,0.12422378,coast
0.6933139534883721,1.0,0.1242226,coast
0.7579941860465116,1.0,0.12421962,coast
0.7594476744186046,1.0,0.12244975,coast
0.7609011627906976,1.0,0.12244813,coast
0.7623546511627907,1.0,0.1224326,coast
0.7652616279069767,1.0,0.12243186,coast
0.7703488372093024,1.0,0.12243158,coast
0.7725290697674418,1.0,0.1224313,coast
0.7754360465116279,1.0,0.12243097,coast
0.7790697674418605,1.0,0.12243003,coast
0.7899709302325582,1.0,0.12242885,coast
0.7943313953488372,1.0,0.1224285,coast
0.7950581395348837,1.0,0.12242782,coast
0.7972383720930233,1.0,0.12242722,coast
0.7986918604651163,1.0,0.12242516,coast
0.8059593023255814,1.0,0.12242261,coast
0.8103197674418605,1.0,0.12241937,coast
0.813953488372093,1.0,0.12241936,coast
0.8234011627906976,1.0,0.12241602,coast
0.8561046511627907,1.0,0.12241447,coast
0.8597383720930233,1.0,0.12241288,coast
0.8611918604651163,1.0,0.12241261,coast
0.8648255813953488,1.0,0.12241226,coast
0.8815406976744186,1.0,0.12241211,coast
0.9106104651162791,1.0,0.12240888,coast
0.9447674418604651,1.0,0.12240768,coast
0.9484011627906976,1.0,0.12240158,coast
0.9556686046511628,1.0,0.12239704,coast
0.9789244186046512,1.0,0.12238442,coast
1.0,1.0,0.12238407,coast
0.0,0.0,inf,forest
0.0007117437722419929,0.004830917874396135,0.13098015,forest
0.00498220640569395,0.00966183574879227,0.13097983,forest
0.08540925266903915,0.782608695652174,0.13096724,forest
0.08896797153024912,0.8019323671497585,0.12909922,forest
0.09323843416370106,0.8019323671497585,0.12909478,forest
0.09608540925266904,0.8019323671497585,0.12908655,forest
0.10320284697508897,0.8019323671497585,0.12907774,forest
0.10391459074733096,0.8115942028985508,0.12895358,forest
0.10462633451957296,0.8115942028985508,0.12866975,forest
0.10818505338078292,0.821256038647343,0.12865738,forest
0.10960854092526691,0.821256038647343,0.12849444,forest
0.11387900355871886,0.821256038647343,0.12848603,forest
0.11672597864768683,0.821256038647343,0.12848282,forest
0.12740213523131672,0.8309178743961353,0.12848208,forest
0.12811387900355872,0.8309178743961353,0.12847997,forest
0.13380782918149467,0.8309178743961353,0.12847981,forest
0.14519572953736654,0.8309178743961353,0.12847852,forest
0.28825622775800713,0.9565217391304348,0.12847131,forest
0.2918149466192171,0.9565217391304348,0.12847083,forest
0.2939501779359431,0.9565217391304348,0.12666261,forest
0.302491103202847,0.9565217391304348,0.12665401,forest
0.3096085409252669,0.961352657004831,0.12665043,forest
0.31103202846975087,0.961352657004831,0.12664617,forest
0.31387900355871884,0.961352657004831,0.12664011,forest
0.3195729537366548,0.961352657004831,0.12663927,forest
0.3295373665480427,0.9710144927536232,0.12663108,forest
0.3309608540925267,0.9710144927536232,0.12662387,forest
0.4398576512455516,0.9710144927536232,0.12662315,forest
0.4405693950177936,0.9758454106280193,0.12649176,forest
0.44483985765124556,0.9758454106280193,0.12646122,forest
0.4462633451957295,0.9758454106280193,0.12621724,forest
0.4498220640569395,0.9758454106280193,0.1262089,forest
0.4512455516014235,0.9758454106280193,0.12620502,forest
0.45907473309608543,0.9806763285024155,0.12619987,forest
0.48185053380782916,0.9806763285024155,0.12619161,forest
0.48398576512455516,0.9806763285024155,0.12618793,forest
0.5473309608540925,0.9806763285024155,0.12618738,forest
0.5508896797153024,0.9806763285024155,0.12617983,forest
0.5523131672597865,0.9806763285024155,0.12482394,forest
0.5537366548042705,0.9806763285024155,0.12482144,forest
0.5551601423487544,0.9806763285024155,0.12466723,forest
0.5565836298932384,0.9806763285024155,0.12466051,forest
0.5587188612099644,0.9806763285024155,0.12465072,forest
0.5615658362989324,0.9806763285024155,0.12464395,forest
0.5637010676156584,0.9806763285024155,0.12464093,forest
0.5651245551601424,0.9806763285024155,0.12463713,forest
0.5743772241992883,0.9806763285024155,0.12462783,forest
0.5750889679715302,0.9806763285024155,0.12439213,forest
0.5765124555160143,0.9806763285024155,0.1243803,forest
0.5793594306049822,0.9806763285024155,0.12425089,forest
0.5800711743772242,0.9806763285024155,0.12425077,forest
0.5822064056939502,0.9806763285024155,0.12424652,forest
0.5871886120996441,0.9806763285024155,0.12424648,forest
0.5886120996441281,0.9806763285024155,0.12424614,forest
0.5893238434163701,0.9806763285024155,0.12424463,forest
0.6156583629893239,0.9806763285024155,0.12424218,forest
0.6213523131672598,0.9806763285024155,0.12424072,forest
0.6405693950177936,0.9806763285024155,0.12424049,forest
0.6427046263345195,0.9806763285024155,0.12423843,forest
0.6441281138790036,0.9806763285024155,0.1242369,forest
0.6619217081850534,0.9806763285024155,0.12423648,forest
0.6626334519572954,0.9806763285024155,0.12423624,forest
0.6647686832740214,0.9806763285024155,0.1242304,forest
0.6690391459074733,0.9806763285024155,0.12422858,forest
0.695373665480427,0.9951690821256038,0.12422649,forest
0.7395017793594306,0.9951690821256038,0.12422626,forest
0.7423487544483985,0.9951690821256038,0.12422193,forest
0.7473309608540926,0.9951690821256038,0.12422,forest
0.7565836298932385,0.9951690821256038,0.12421801,forest
0.7850533807829182,0.9951690821256038,0.12419696,forest
0.8185053380782918,0.9951690821256038,0.12419575,forest
0.8192170818505338,0.9951690821256038,0.12245472,forest
0.8206405693950178,0.9951690821256038,0.12245124,forest
0.8234875444839858,0.9951690821256038,0.12244324,forest
0.8249110320284697,0.9951690821256038,0.1224416,forest
0.8263345195729538,0.9951690821256038,0.12244018,forest
0.8277580071174377,0.9951690821256038,0.12243956,forest
0.8313167259786477,0.9951690821256038,0.12243851,forest
0.8455516014234875,0.9951690821256038,0.12243324,forest
0.8498220640569395,0.9951690821256038,0.12243189,forest
0.8512455516014235,0.9951690821256038,0.12243155,forest
0.8533807829181494,0.9951690821256038,0.1224313,forest
0.8540925266903915,1.0,0.12243122,forest
0.8683274021352313,1.0,0.1224289,forest
0.8790035587188612,1.0,0.12242885,forest
0.8804270462633452,1.0,0.12242609,forest
0.8889679715302491,1.0,0.12241937,forest
0.9209964412811388,1.0,0.12241447,forest
0.9245551601423487,1.0,0.12241288,forest
0.9259786476868327,1.0,0.12241261,forest
0.9295373665480428,1.0,0.12241226,forest
0.9459074733096086,1.0,0.12241211,forest
0.9494661921708185,1.0,0.12240158,forest
0.9565836298932384,1.0,0.12239704,forest
0.9793594306049822,1.0,0.12238442,forest
1.0,1.0,0.12238407,forest
0.0,0.0,inf,highway
0.0,0.006993006993006993,0.12870652,highway
0.004765146358066712,0.21678321678321677,0.12870398,highway
0.005445881552076242,0.21678321678321677,0.12870266,highway
0.007488087134104833,0.38461538461538464,0.12870223,highway
0.007488087134104833,0.3916083916083916,0.12870215,highway
0.008168822328114363,0.3916083916083916,0.1287001,highway
0.012253233492171545,0.43356643356643354,0.12869767,highway
0.012253233492171545,0.4405594405594406,0.12869326,highway
0.012933968686181076,0.45454545454545453,0.12869178,highway
0.013614703880190605,0.45454545454545453,0.12869027,highway
0.014976174268209666,0.4825174825174825,0.12868989,highway
0.029952348536419333,0.7622377622377622,0.12868749,highway
0.03063308373042886,0.7692307692307693,0.12868062,highway
0.031313818924438394,0.7692307692307693,0.12867705,highway
0.03471749489448604,0.7762237762237763,0.12867256,highway
0.03675970047651463,0.8041958041958042,0.12664982,highway
0.037440435670524165,0.8041958041958042,0.12664783,highway
0.03880190605854323,0.8461538461538461,0.12664395,highway
0.04016337644656229,0.8461538461538461,0.12664006,highway
0.04697072838665759,0.8531468531468531,0.12663565,highway
0.047651463580667124,0.8531468531468531,0.12663252,highway
0.04901293396868618,0.8531468531468531,0.12663108,highway
0.07215793056501021,0.8951048951048951,0.12662944,highway
0.0762423417290674,0.8951048951048951,0.12662315,highway
0.0762423417290674,0.9020979020979021,0.12641608,highway
0.09189925119128659,0.916083916083916,0.12641403,highway
0.10006807351940095,0.9230769230769231,0.12639524,highway
0.10074880871341048,0.9230769230769231,0.1263916,highway
0.10142954390742001,0.9440559440559441,0.12467466,highway
0.10279101429543908,0.9440559440559441,0.12466723,highway
0.10279101429543908,0.951048951048951,0.12466262,highway
0.10415248468345814,0.951048951048951,0.12465706,highway
0.10823689584751532,0.951048951048951,0.12465072,highway
0.11300204220558203,0.951048951048951,0.12464367,highway
0.11504424778761062,0.951048951048951,0.12464338,highway
0.12253233492171545,0.951048951048951,0.12464093,highway
0.13274336283185842,0.951048951048951,0.12464089,highway
0.13410483321987746,0.951048951048951,0.12462435,highway
0.13682777399591559,0.958041958041958,0.12462399,highway
0.13750850918992513,0.958041958041958,0.12439188,highway
0.14023144996596323,0.958041958041958,0.12437755,highway
0.1415929203539823,0.958041958041958,0.12245826,highway
0.14499659632402995,0.958041958041958,0.12245807,highway
0.14703880190605853,0.958041958041958,0.12245773,highway
0.1484002722940776,0.958041958041958,0.12245735,highway
0.15112321307011573,0.958041958041958,0.12245415,highway
0.1524846834581348,0.958041958041958,0.12245252,highway
0.1531654186521443,0.958041958041958,0.12245188,highway
0.15452688904016337,0.958041958041958,0.12245124,highway
0.1572498298162015,0.958041958041958,0.12244829,highway
0.15861130020422057,0.958041958041958,0.12244813,highway
0.1592920353982301,0.958041958041958,0.12244784,highway
0.16201497617426822,0.965034965034965,0.12244756,highway
0.16746085772634445,0.965034965034965,0.12244748,highway
0.16746085772634445,0.972027972027972,0.12244706,highway
0.17154526889040164,0.972027972027972,0.12244451,highway
0.17222600408441116,0.972027972027972,0.1224438,highway
0.1756296800544588,0.972027972027972,0.12244299,highway
0.17835262083049694,0.972027972027972,0.12244298,highway
0.179714091218516,0.972027972027972,0.1224416,highway
0.1824370319945541,0.972027972027972,0.12244145,highway
0.19400953029271614,0.972027972027972,0.12244075,highway
0.19469026548672566,0.972027972027972,0.12244018,highway
0.19877467665078286,0.9790209790209791,0.12244011,highway
0.20966643975493532,0.9790209790209791,0.12243956,highway
0.21170864533696393,0.9790209790209791,0.12243882,highway
0.2198774676650783,0.9790209790209791,0.1224388,highway
0.22191967324710687,0.9790209790209791,0.12243877,highway
0.2226004084411164,0.9790209790209791,0.12243874,highway
0.22804628999319265,0.9790209790209791,0.12243858,highway
0.23076923076923078,0.9790209790209791,0.12243851,highway
0.23213070115724982,0.9790209790209791,0.12243842,highway
0.23689584751531653,0.9790209790209791,0.12243812,highway
0.2471068754254595,0.986013986013986,0.12243735,highway
0.24846834581347857,0.986013986013986,0.12243619,highway
0.2491490810074881,0.986013986013986,0.12243616,highway
0.2634445200816882,0.986013986013986,0.12243324,highway
0.26412525527569775,0.986013986013986,0.1224326,highway
0.3682777399591559,0.986013986013986,0.12243189,highway
0.371000680735194,0.986013986013986,0.12243186,highway
0.3723621511232131,0.986013986013986,0.12243155,highway
0.3750850918992512,0.986013986013986,0.12243097,highway
0.39686861810755614,0.986013986013986,0.12243078,highway
0.55071477195371,0.993006993006993,0.12243048,highway
0.5541184479237576,0.993006993006993,0.12243003,highway
0.562287270251872,0.993006993006993,0.1224289,highway
0.5663716814159292,0.993006993006993,0.1224285,highway
0.5670524166099388,0.993006993006993,0.12242806,highway
0.5690946221919673,0.993006993006993,0.12242722,highway
0.628999319264806,1.0,0.12242668,highway
0.8148400272294077,1.0,0.12242635,highway
0.8162014976174268,1.0,0.12242516,highway
0.8230088495575221,1.0,0.12242261,highway
0.8270932607215793,1.0,0.12241937,highway
0.8304969366916269,1.0,0.12241936,highway
0.8393464942137508,1.0,0.12241602,highway
0.8699795779441797,1.0,0.12241447,highway
0.8733832539142273,1.0,0.12241288,highway
0.8890401633764465,1.0,0.12241211,highway
0.9162695711368277,1.0,0.12240888,highway
0.9482641252552757,1.0,0.12240768,highway
0.9516678012253234,1.0,0.12240158,highway
0.9584751531654186,1.0,0.12239704,highway
0.9802586793737236,1.0,0.12238442,highway
1.0,1.0,0.12238407,highway
0.0,0.0,inf,insidecity
0.0,0.05405405405405406,0.13231875,insidecity
0.002102312543798178,0.15135135135135136,0.13231305,insidecity
0.002102312543798178,0.2756756756756757,0.13230836,insidecity
0.00350385423966363,0.34594594594594597,0.13230832,insidecity
0.00350385423966363,0.41621621621621624,0.13229445,insidecity
0.009810791871058164,0.6108108108108108,0.13229277,insidecity
0.009810791871058164,0.6648648648648648,0.13227394,insidecity
0.009810791871058164,0.6810810810810811,0.13013088,insidecity
0.011212333566923615,0.6918918918918919,0.13012204,insidecity
0.011212333566923615,0.7081081081081081,0.13012143,insidecity
0.013314646110721794,0.7189189189189189,0.13010186,insidecity
0.023125437981779958,0.7675675675675676,0.13010104,insidecity
0.023125437981779958,0.7783783783783784,0.12621735,insidecity
0.023826208829712685,0.7783783783783784,0.12619347,insidecity
0.025227750525578137,0.8,0.12618451,insidecity
0.026629292221443588,0.8,0.12617754,insidecity
0.04484933426769446,0.8324324324324325,0.12614848,insidecity
0.04555010511562719,0.8324324324324325,0.12425655,insidecity
0.04835318850735809,0.8324324324324325,0.12425548,insidecity
0.04835318850735809,0.8378378378378378,0.12425536,insidecity
0.05185704274702172,0.8378378378378378,0.12425147,insidecity
0.053258584442887176,0.8432432432432433,0.12425112,insidecity
0.05466012613875263,0.8432432432432433,0.12425074,insidecity
0.05536089698668535,0.8486486486486486,0.12424807,insidecity
0.05606166783461808,0.8486486486486486,0.12424348,insidecity
0.05746320953048353,0.8486486486486486,0.12424138,insidecity
0.05816398037841626,0.8540540540540541,0.12423475,insidecity
0.06236860546601261,0.8594594594594595,0.12422459,insidecity
0.06306937631394534,0.8648648648648649,0.12422456,insidecity
0.06657323055360898,0.8702702702702703,0.12422147,insidecity
0.06657323055360898,0.8810810810810811,0.12421807,insidecity
0.0700770847932726,0.8810810810810811,0.12420498,insidecity
0.09740714786264891,0.8864864864864865,0.12420155,insidecity
0.12613875262789068,0.918918918918919,0.12420034,insidecity
0.1296426068675543,0.918918918918919,0.12419415,insidecity
0.14646110721793973,0.9459459459459459,0.12417638,insidecity
0.14716187806587247,0.9459459459459459,0.12245826,insidecity
0.1513665031534688,0.9513513513513514,0.12245768,insidecity
0.15487035739313246,0.9513513513513514,0.12245415,insidecity
0.1807988787666433,0.9513513513513514,0.12245344,insidecity
0.18220042046250876,0.9513513513513514,0.12245252,insidecity
0.1829011913104415,0.9513513513513514,0.12245219,insidecity
0.1885073580939033,0.9513513513513514,0.12245201,insidecity
0.18920812894183603,0.9513513513513514,0.12245188,insidecity
0.20742817098808689,0.9567567567567568,0.12245178,insidecity
0.20953048353188508,0.9567567567567568,0.12244975,insidecity
0.212333566923616,0.9567567567567568,0.12244829,insidecity
0.21373510861948142,0.9567567567567568,0.12244824,insidecity
0.21443587946741416,0.9567567567567568,0.12244784,insidecity
0.22985283812193413,0.972972972972973,0.12244782,insidecity
0.22985283812193413,0.9783783783783784,0.12244759,insidecity
0.23335669236159776,0.9783783783783784,0.12244756,insidecity
0.23896285914505958,0.9783783783783784,0.12244748,insidecity
0.24737210932025228,0.9783783783783784,0.12244744,insidecity
0.24807288016818502,0.9783783783783784,0.12244706,insidecity
0.25227750525578135,0.9783783783783784,0.12244451,insidecity
0.25998598458304134,0.9783783783783784,0.12244398,insidecity
0.2613875262789068,0.9783783783783784,0.12244324,insidecity
0.2648913805185704,0.9783783783783784,0.12244299,insidecity
0.26769446391030133,0.9783783783783784,0.12244298,insidecity
0.2697967764540995,0.9783783783783784,0.12244184,insidecity
0.27189908899789766,0.9837837837837838,0.12244145,insidecity
0.2725998598458304,0.9837837837837838,0.12244096,insidecity
0.28451296426068673,0.9837837837837838,0.12244075,insidecity
0.28521373510861947,0.9837837837837838,0.1224404,insidecity
0.29011913104414855,0.9837837837837838,0.12244011,insidecity
0.29432375613174494,0.9837837837837838,0.12244004,insidecity
0.306937631394534,0.9837837837837838,0.12243956,insidecity
0.3090399439383322,0.9837837837837838,0.12243882,insidecity
0.3174491941135249,0.9837837837837838,0.1224388,insidecity
0.31955150665732307,0.9837837837837838,0.12243877,insidecity
0.32025227750525576,0.9837837837837838,0.12243874,insidecity
0.3258584442887176,0.9837837837837838,0.12243858,insidecity
0.32725998598458306,0.9837837837837838,0.12243842,insidecity
0.33216538192011213,0.9837837837837838,0.12243812,insidecity
0.3601962158374212,0.9837837837837838,0.12243798,insidecity
0.4036440084092502,0.9837837837837838,0.12243775,insidecity
0.41485634197617377,0.9837837837837838,0.12243735,insidecity
0.41625788367203925,0.9837837837837838,0.12243619,insidecity
0.416958654519972,0.9837837837837838,0.12243616,insidecity
0.41976173791170285,0.9837837837837838,0.12243349,insidecity
0.4204625087596356,0.9837837837837838,0.1224326,insidecity
0.5318850735809391,0.9837837837837838,0.12243189,insidecity
0.5332866152768044,0.9837837837837838,0.12243122,insidecity
0.5360896986685354,0.9837837837837838,0.12243097,insidecity
0.5578135949544499,0.9891891891891892,0.12243078,insidecity
0.7168885774351786,0.9891891891891892,0.12243048,insidecity
0.7203924316748423,0.9891891891891892,0.12243003,insidecity
0.7295024526979678,0.9891891891891892,0.12242962,insidecity
0.7302032235459005,0.9891891891891892,0.12242782,insidecity
0.7323055360896986,0.9891891891891892,0.12242722,insidecity
0.7932725998598459,1.0,0.12242668,insidecity
0.98458304134548,1.0,0.12242635,insidecity
0.9852838121934128,1.0,0.12242609,insidecity
0.9894884372810091,1.0,0.12242355,insidecity
0.9964961457603364,1.0,0.12242261,insidecity
1.0,1.0,0.12241936,insidecity
0.0,0.0,inf,mountain
0.0,0.008928571428571428,0.13258939,mountain
0.0,0.017857142857142856,0.1325855,mountain
0.006484149855907781,0.6875,0.13258473,mountain
0.007204610951008645,0.6875,0.13258033,mountain
0.00792507204610951,0.7098214285714286,0.1325757,mountain
0.009365994236311239,0.7455357142857143,0.13257468,mountain
0.010086455331412104,0.7455357142857143,0.1304917,mountain
0.011527377521613832,0.7544642857142857,0.13048105,mountain
0.011527377521613832,0.7589285714285714,0.13044122,mountain
0.012247838616714697,0.7589285714285714,0.1304333,mountain
0.015129682997118156,0.8214285714285714,0.13043241,mountain
0.01585014409221902,0.8303571428571429,0.13043162,mountain
0.01729106628242075,0.8303571428571429,0.13042352,mountain
0.01729106628242075,0.8482142857142857,0.13040814,mountain
0.01729106628242075,0.8571428571428571,0.13040797,mountain
0.018011527377521614,0.8571428571428571,0.12837708,mountain
0.021613832853025938,0.8571428571428571,0.12836744,mountain
0.02377521613832853,0.8794642857142857,0.12828227,mountain
0.024495677233429394,0.8794642857142857,0.12827783,mountain
0.025936599423631124,0.8883928571428571,0.12827756,mountain
0.025936599423631124,0.8973214285714286,0.12624505,mountain
0.028097982708933718,0.8973214285714286,0.12623882,mountain
0.03025936599423631,0.8973214285714286,0.1244386,mountain
0.03025936599423631,0.9017857142857143,0.12443851,mountain
0.030979827089337175,0.90625,0.12443532,mountain
0.03170028818443804,0.90625,0.12443466,mountain
0.03314121037463977,0.90625,0.12442446,mountain
0.037463976945244955,0.9151785714285714,0.12442115,mountain
0.04178674351585014,0.9196428571428571,0.12442068,mountain
0.04250720461095101,0.9196428571428571,0.12246308,mountain
0.045389048991354465,0.9196428571428571,0.12246203,mountain
0.04610951008645533,0.9196428571428571,0.12246191,mountain
0.04971181556195965,0.9196428571428571,0.12245807,mountain
0.05187319884726225,0.9196428571428571,0.12245773,mountain
0.0569164265129683,0.9196428571428571,0.12245768,mountain
0.058357348703170026,0.9196428571428571,0.12245735,mountain
0.059077809798270896,0.9196428571428571,0.12245581,mountain
0.06051873198847262,0.9196428571428571,0.12245472,mountain
0.08717579250720461,0.9196428571428571,0.12245344,mountain
0.09293948126801153,0.9196428571428571,0.12245201,mountain
0.11239193083573487,0.9196428571428571,0.12245178,mountain
0.11311239193083573,0.9196428571428571,0.1224517,mountain
0.11455331412103746,0.9196428571428571,0.12245124,mountain
0.11743515850144093,0.9196428571428571,0.12244944,mountain
0.11887608069164265,0.9196428571428571,0.12244824,mountain
0.13688760806916425,0.9196428571428571,0.12244782,mountain
0.13760806916426513,0.9196428571428571,0.12244759,mountain
0.14121037463976946,0.9196428571428571,0.12244756,mountain
0.14985590778097982,0.9196428571428571,0.12244744,mountain
0.15129682997118155,0.9196428571428571,0.12244474,mountain
0.15561959654178675,0.9196428571428571,0.12244451,mountain
0.16354466858789626,0.9196428571428571,0.12244398,mountain
0.164985590778098,0.9196428571428571,0.12244184,mountain
0.16642651296829972,0.9196428571428571,0.1224416,mountain
0.16930835734870317,0.9196428571428571,0.12244145,mountain
0.180835734870317,0.9241071428571429,0.12244075,mountain
0.18155619596541786,0.9241071428571429,0.12244018,mountain
0.18587896253602307,0.9285714285714286,0.12244011,mountain
0.19020172910662825,0.9285714285714286,0.12244004,mountain
0.1988472622478386,0.9285714285714286,0.1224388,mountain
0.19956772334293948,0.9285714285714286,0.12243874,mountain
0.20677233429394812,0.9285714285714286,0.12243851,mountain
0.20821325648414984,0.9285714285714286,0.12243842,mountain
0.23631123919308358,0.9330357142857143,0.12243798,mountain
0.28097982708933716,0.9330357142857143,0.12243775,mountain
0.29250720461095103,0.9330357142857143,0.12243735,mountain
0.2953890489913545,0.9330357142857143,0.12243349,mountain
0.31051873198847263,0.9330357142857143,0.12243324,mountain
0.3134005763688761,0.9330357142857143,0.12243186,mountain
0.3184438040345821,0.9330357142857143,0.12243158,mountain
0.31988472622478387,0.9330357142857143,0.12243155,mountain
0.32204610951008644,0.9330357142857143,0.1224313,mountain
0.3451008645533141,0.9330357142857143,0.12243078,mountain
0.5007204610951008,0.9821428571428571,0.12243048,mountain
0.5043227665706052,0.9821428571428571,0.12243003,mountain
0.5136887608069164,0.9821428571428571,0.12242962,mountain
0.5302593659942363,0.9821428571428571,0.1224289,mountain
0.5410662824207493,0.9821428571428571,0.12242885,mountain
0.5453890489913544,0.9821428571428571,0.1224285,mountain
0.5461095100864554,0.9821428571428571,0.12242806,mountain
0.5482708933717579,0.9821428571428571,0.12242722,mountain
0.611671469740634,0.9866071428571429,0.12242668,mountain
0.8061959654178674,1.0,0.12242635,mountain
0.8076368876080692,1.0,0.12242516,mountain
0.8119596541786743,1.0,0.12241937,mountain
0.8155619596541787,1.0,0.12241936,mountain
0.8249279538904899,1.0,0.12241602,mountain
0.8573487031700289,1.0,0.12241447,mountain
0.8609510086455331,1.0,0.12241288,mountain
0.8623919308357348,1.0,0.12241261,mountain
0.8659942363112392,1.0,0.12241226,mountain
0.8825648414985591,1.0,0.12241211,mountain
0.9113832853025937,1.0,0.12240888,mountain
0.9452449567723343,1.0,0.12240768,mountain
0.9488472622478387,1.0,0.12240158,mountain
0.9560518731988472,1.0,0.12239704,mountain
0.979106628242075,1.0,0.12238442,mountain
1.0,1.0,0.12238407,mountain
0.0,0.0,inf,opencountry
0.0,0.008968609865470852,0.1304644,opencountry
0.0021598272138228943,0.04484304932735426,0.13045986,opencountry
0.0028797696184305254,0.04484304932735426,0.13045966,opencountry
0.005039596832253419,0.10762331838565023,0.13045641,opencountry
0.008639308855291577,0.11659192825112108,0.13045573,opencountry
0.008639308855291577,0.13004484304932734,0.13044435,opencountry
0.13246940244780417,0.5829596412556054,0.13044107,opencountry
0.13822894168466524,0.5829596412556054,0.12858528,opencountry
0.1418286537077034,0.5829596412556054,0.12858061,opencountry
0.14614830813534918,0.5829596412556054,0.12857741,opencountry
0.15478761699064075,0.5829596412556054,0.12857141,opencountry
0.17926565874730022,0.6098654708520179,0.12857055,opencountry
0.31893448524118073,0.757847533632287,0.12856268,opencountry
0.31893448524118073,0.7623318385650224,0.12839341,opencountry
0.31965442764578833,0.7668161434977578,0.12839001,opencountry
0.31965442764578833,0.7713004484304933,0.12838934,opencountry
0.320374370050396,0.7713004484304933,0.12838132,opencountry
0.3232541396688265,0.7713004484304933,0.12838002,opencountry
0.3282937365010799,0.7937219730941704,0.12837685,opencountry
0.32973362131029516,0.8161434977578476,0.12837492,opencountry
0.32973362131029516,0.8385650224215246,0.12836643,opencountry
0.3333333333333333,0.8385650224215246,0.12835525,opencountry
0.33405327573794097,0.8430493273542601,0.12829513,opencountry
0.3354931605471562,0.8565022421524664,0.12829013,opencountry
0.3354931605471562,0.8609865470852018,0.12828801,opencountry
0.3369330453563715,0.8699551569506726,0.12827754,opencountry
0.3419726421886249,0.8699551569506726,0.12654222,opencountry
0.3441324694024478,0.8699551569506726,0.12653179,opencountry
0.3484521238300936,0.8789237668161435,0.12653168,opencountry
0.36789056875449966,0.8789237668161435,0.1265284,opencountry
0.3700503959683225,0.9013452914798207,0.12652248,opencountry
0.380849532037437,0.905829596412556,0.12652121,opencountry
0.42332613390928725,0.9192825112107623,0.1265139,opencountry
0.48740100791936647,0.9192825112107623,0.12651019,opencountry
0.49100071994240463,0.9192825112107623,0.12626055,opencountry
0.4924406047516199,0.9237668161434978,0.12625125,opencountry
0.4924406047516199,0.9282511210762332,0.12624769,opencountry
0.4931605471562275,0.9282511210762332,0.12624483,opencountry
0.4953203743700504,0.9282511210762332,0.12623928,opencountry
0.5010799136069114,0.9372197309417041,0.12623453,opencountry
0.5017998560115191,0.9372197309417041,0.1245164,opencountry
0.5284377249820015,0.9372197309417041,0.12451394,opencountry
0.5464362850971922,0.9372197309417041,0.12450823,opencountry
0.5471562275017998,0.9372197309417041,0.12450356,opencountry
0.5478761699064075,0.9417040358744395,0.12450214,opencountry
0.5493160547156227,0.9417040358744395,0.12444605,opencountry
0.5521958243340532,0.9417040358744395,0.12444498,opencountry
0.5529157667386609,0.9417040358744395,0.12444486,opencountry
0.5557955363570914,0.9461883408071748,0.12444096,opencountry
0.5579553635709144,0.9461883408071748,0.12444061,opencountry
0.5593952483801296,0.9461883408071748,0.12444023,opencountry
0.5622750179985602,0.9461883408071748,0.12443861,opencountry
0.5629949604031678,0.9506726457399103,0.12443756,opencountry
0.564434845212383,0.9506726457399103,0.12443401,opencountry
0.5665946724262059,0.9506726457399103,0.12443219,opencountry
0.5694744420446364,0.9506726457399103,0.12443166,opencountry
0.5817134629229662,0.9551569506726457,0.12442974,opencountry
0.5824334053275738,0.9551569506726457,0.12442741,opencountry
0.583873290136789,0.9551569506726457,0.12442632,opencountry
0.5853131749460043,0.9551569506726457,0.12442446,opencountry
0.5867530597552196,0.9551569506726457,0.12442422,opencountry
0.5896328293736501,0.9551569506726457,0.12442357,opencountry
0.5903527717782577,0.9551569506726457,0.12442278,opencountry
0.6990640748740101,0.9910313901345291,0.12442195,opencountry
0.7062634989200864,0.9910313901345291,0.12442108,opencountry
0.7293016558675306,0.9910313901345291,0.12442082,opencountry
0.7444204463642908,0.9910313901345291,0.12441572,opencountry
0.7458603311735061,0.9910313901345291,0.12441401,opencountry
0.7624190064794817,0.9910313901345291,0.12441131,opencountry
0.7631389488840893,0.9910313901345291,0.12441046,opencountry
0.7631389488840893,0.9955156950672646,0.12422078,opencountry
0.7645788336933045,0.9955156950672646,0.12244813,opencountry
0.7645788336933045,1.0,0.1224404,opencountry
0.7688984881209503,1.0,0.12244004,opencountry
0.7717782577393808,1.0,0.12243186,opencountry
0.7768178545716342,1.0,0.12243158,opencountry
0.7789776817854571,1.0,0.1224313,opencountry
0.7804175665946724,1.0,0.12243122,opencountry
0.7897768178545717,1.0,0.12242962,opencountry
0.8005759539236861,1.0,0.12242885,opencountry
0.8048956083513319,1.0,0.1224285,opencountry
0.8056155507559395,1.0,0.12242609,opencountry
0.8070554355651548,1.0,0.12242516,opencountry
0.8156947444204463,1.0,0.12241937,opencountry
0.8250539956803455,1.0,0.12241602,opencountry
0.857451403887689,1.0,0.12241447,opencountry
0.8610511159107271,1.0,0.12241288,opencountry
0.8624910007199424,1.0,0.12241261,opencountry
0.8660907127429806,1.0,0.12241226,opencountry
0.8826493880489561,1.0,0.12241211,opencountry
0.9114470842332614,1.0,0.12240888,opencountry
0.9452843772498201,1.0,0.12240768,opencountry
0.9488840892728582,1.0,0.12240158,opencountry
0.9560835133189345,1.0,0.12239704,opencountry
0.9791216702663786,1.0,0.12238442,opencountry
1.0,1.0,0.12238407,opencountry
0.0,0.0,inf,street
0.004166666666666667,0.1511627906976744,0.13757282,street
0.008333333333333333,0.28488372093023256,0.13757243,street
0.0125,0.5232558139534884,0.13561794,street
0.0125,0.5348837209302325,0.13516241,street
0.013888888888888888,0.5523255813953488,0.13516202,street
0.015277777777777777,0.563953488372093,0.13347695,street
0.01597222222222222,0.6337209302325582,0.13347273,street
0.01597222222222222,0.6395348837209303,0.13346889,street
0.022916666666666665,0.7151162790697675,0.13345364,street
0.024305555555555556,0.7441860465116279,0.1332371,street
0.025,0.75,0.13322592,street
0.025,0.7558139534883721,0.13322213,street
0.029166666666666667,0.8662790697674418,0.1312835,street
0.029861111111111113,0.8662790697674418,0.13128325,street
0.05486111111111111,0.9186046511627907,0.13124774,street
0.05763888888888889,0.9302325581395349,0.13111511,street
0.059722222222222225,0.9302325581395349,0.13110575,street
0.06041666666666667,0.9302325581395349,0.13088146,street
0.06111111111111111,0.936046511627907,0.13069326,street
0.0625,0.936046511627907,0.12900948,street
0.06736111111111111,0.936046511627907,0.12896396,street
0.08958333333333333,0.9651162790697675,0.12895949,street
0.09027777777777778,0.9651162790697675,0.1289556,street
0.09930555555555555,0.9767441860465116,0.1289336,street
0.10347222222222222,0.9767441860465116,0.12835658,street
0.1076388888888889,0.9767441860465116,0.12835051,street
0.1111111111111111,0.9767441860465116,0.12833186,street
0.12013888888888889,0.9825581395348837,0.12707124,street
0.12222222222222222,0.9825581395348837,0.1265478,street
0.12430555555555556,0.9883720930232558,0.12654671,street
0.12777777777777777,0.9883720930232558,0.12654262,street
0.12986111111111112,0.9883720930232558,0.12654226,street
0.13055555555555556,0.9941860465116279,0.12654188,street
0.13194444444444445,0.9941860465116279,0.12653235,street
0.1361111111111111,0.9941860465116279,0.12651207,street
0.1638888888888889,0.9941860465116279,0.12649179,street
0.16458333333333333,0.9941860465116279,0.12483914,street
0.1701388888888889,0.9941860465116279,0.12483521,street
0.18888888888888888,0.9941860465116279,0.12483497,street
0.18958333333333333,0.9941860465116279,0.1248349,street
0.1909722222222222,0.9941860465116279,0.12483137,street
0.19166666666666668,0.9941860465116279,0.12482337,street
0.1951388888888889,0.9941860465116279,0.12482144,street
0.19583333333333333,0.9941860465116279,0.12465072,street
0.19930555555555557,0.9941860465116279,0.12464093,street
0.20069444444444445,0.9941860465116279,0.12451635,street
0.20347222222222222,0.9941860465116279,0.1245087,street
0.20555555555555555,0.9941860465116279,0.12450214,street
0.20833333333333334,0.9941860465116279,0.12450174,street
0.20902777777777778,0.9941860465116279,0.12449898,street
0.21041666666666667,0.9941860465116279,0.12449866,street
0.2125,1.0,0.124492,street
0.23472222222222222,1.0,0.1244909,street
0.23680555555555555,1.0,0.12448727,street
0.24027777777777778,1.0,0.12447269,street
0.2423611111111111,1.0,0.12245415,street
0.24375,1.0,0.12245252,street
0.24583333333333332,1.0,0.12244784,street
0.24930555555555556,1.0,0.12244756,street
0.2548611111111111,1.0,0.12244748,street
0.26319444444444445,1.0,0.12244744,street
0.2673611111111111,1.0,0.12244451,street
0.275,1.0,0.12244398,street
0.2763888888888889,1.0,0.12244324,street
0.2798611111111111,1.0,0.12244299,street
0.2826388888888889,1.0,0.12244298,street
0.28402777777777777,1.0,0.12244184,street
0.2847222222222222,1.0,0.12244096,street
0.2965277777777778,1.0,0.12244075,street
0.3013888888888889,1.0,0.12244011,street
0.3138888888888889,1.0,0.12243956,street
0.3159722222222222,1.0,0.12243882,street
0.32430555555555557,1.0,0.1224388,street
0.3263888888888889,1.0,0.12243877,street
0.33194444444444443,1.0,0.12243858,street
0.3347222222222222,1.0,0.12243851,street
0.33958333333333335,1.0,0.12243812,street
0.36736111111111114,1.0,0.12243798,street
0.41041666666666665,1.0,0.12243775,street
0.4215277777777778,1.0,0.12243735,street
0.42291666666666666,1.0,0.12243619,street
0.4236111111111111,1.0,0.12243616,street
0.4284722222222222,1.0,0.12243324,street
0.42916666666666664,1.0,0.1224326,street
0.5395833333333333,1.0,0.12243189,street
0.5409722222222222,1.0,0.12243122,street
0.54375,1.0,0.12243097,street
0.7013888888888888,1.0,0.12243048,street
0.7048611111111112,1.0,0.12243003,street
0.7173611111111111,1.0,0.1224289,street
0.7180555555555556,1.0,0.12242782,street
0.7798611111111111,1.0,0.12242668,street
0.9694444444444444,1.0,0.12242635,street
0.9736111111111111,1.0,0.12242355,street
0.9805555555555555,1.0,0.12242261,street
0.9840277777777777,1.0,0.12241936,street
0.9930555555555556,1.0,0.12241602,street
1.0,1.0,0.12239704,street
0.0,0.0,inf,tallbuilding
0.0007194244604316547,0.17567567567567569,0.13547419,tallbuilding
0.0007194244604316547,0.1981981981981982,0.13546611,tallbuilding
0.0014388489208633094,0.33783783783783783,0.13338055,tallbuilding
0.0014388489208633094,0.35135135135135137,0.13337666,tallbuilding
0.004316546762589928,0.7342342342342343,0.13337608,tallbuilding
0.007194244604316547,0.7432432432432432,0.13336811,tallbuilding
0.007194244604316547,0.7657657657657657,0.1333681,tallbuilding
0.008633093525179856,0.7792792792792793,0.13336104,tallbuilding
0.015827338129496403,0.7792792792792793,0.13334379,tallbuilding
0.016546762589928057,0.8018018018018018,0.13309123,tallbuilding
0.017985611510791366,0.8018018018018018,0.13308759,tallbuilding
0.01870503597122302,0.8153153153153153,0.13102482,tallbuilding
0.02446043165467626,0.8513513513513513,0.13102043,tallbuilding
0.026618705035971222,0.8558558558558559,0.13101456,tallbuilding
0.030215827338129497,0.8558558558558559,0.1310126,tallbuilding
0.039568345323741004,0.8558558558558559,0.13099761,tallbuilding
0.04028776978417266,0.8603603603603603,0.12911437,tallbuilding
0.041726618705035974,0.8603603603603603,0.12896024,tallbuilding
0.041726618705035974,0.8648648648648649,0.12709467,tallbuilding
0.04316546762589928,0.8648648648648649,0.12708639,tallbuilding
0.04388489208633094,0.8828828828828829,0.1270861,tallbuilding
0.04388489208633094,0.8873873873873874,0.1270822,tallbuilding
0.04748201438848921,0.8918918918918919,0.12707124,tallbuilding
0.04892086330935252,0.8918918918918919,0.12681339,tallbuilding
0.04892086330935252,0.8963963963963963,0.1266554,tallbuilding
0.04964028776978417,0.9054054054054054,0.12664987,tallbuilding
0.0539568345323741,0.9099099099099099,0.12637991,tallbuilding
0.05683453237410072,0.9144144144144144,0.12635996,tallbuilding
0.09064748201438849,0.9144144144144144,0.12635524,tallbuilding
0.11079136690647481,0.918918918918919,0.12633086,tallbuilding
0.11223021582733812,0.918918918918919,0.12483573,tallbuilding
0.11654676258992806,0.918918918918919,0.12482756,tallbuilding
0.12877697841726618,0.918918918918919,0.12482373,tallbuilding
0.13093525179856116,0.918918918918919,0.12482144,tallbuilding
0.13309352517985612,0.918918918918919,0.12466433,tallbuilding
0.13453237410071942,0.918918918918919,0.12466368,tallbuilding
0.13525179856115108,0.918918918918919,0.12465942,tallbuilding
0.13956834532374102,0.9234234234234234,0.12465234,tallbuilding
0.14316546762589927,0.954954954954955,0.12465102,tallbuilding
0.1446043165467626,0.954954954954955,0.12464836,tallbuilding
0.1474820143884892,0.954954954954955,0.12464093,tallbuilding
0.1510791366906475,0.963963963963964,0.12443107,tallbuilding
0.17625899280575538,0.972972972972973,0.12442676,tallbuilding
0.17625899280575538,0.9774774774774775,0.124423,tallbuilding
0.19352517985611511,0.9819819819819819,0.12442105,tallbuilding
0.19424460431654678,0.9819819819819819,0.12442081,tallbuilding
0.1985611510791367,0.9819819819819819,0.12441314,tallbuilding
0.2014388489208633,0.9819819819819819,0.12440655,tallbuilding
0.20287769784172663,0.990990990990991,0.12440649,tallbuilding
0.20359712230215826,0.990990990990991,0.12440643,tallbuilding
0.20575539568345325,0.990990990990991,0.12440426,tallbuilding
0.21510791366906476,0.990990990990991,0.12440255,tallbuilding
0.218705035971223,0.990990990990991,0.12440253,tallbuilding
0.22949640287769785,0.990990990990991,0.12440178,tallbuilding
0.23093525179856114,0.990990990990991,0.12439912,tallbuilding
0.2316546762589928,0.990990990990991,0.12439453,tallbuilding
0.26402877697841726,0.990990990990991,0.12438716,tallbuilding
0.2669064748201439,0.990990990990991,0.12438527,tallbuilding
0.2827338129496403,0.9954954954954955,0.12438476,tallbuilding
0.2841726618705036,0.9954954954954955,0.12437558,tallbuilding
0.30719424460431655,0.9954954954954955,0.12435662,tallbuilding
0.30935251798561153,0.9954954954954955,0.12245219,tallbuilding
0.31510791366906477,0.9954954954954955,0.12245201,tallbuilding
0.3345323741007194,0.9954954954954955,0.12245178,tallbuilding
0.3366906474820144,0.9954954954954955,0.12244944,tallbuilding
0.339568345323741,0.9954954954954955,0.12244829,tallbuilding
0.3410071942446043,0.9954954954954955,0.12244824,tallbuilding
0.34676258992805753,0.9954954954954955,0.12244748,tallbuilding
0.3553956834532374,0.9954954954954955,0.12244744,tallbuilding
0.35611510791366907,0.9954954954954955,0.12244474,tallbuilding
0.3640287769784173,0.9954954954954955,0.12244398,tallbuilding
0.3647482014388489,0.9954954954954955,0.12244324,tallbuilding
0.3683453237410072,0.9954954954954955,0.12244299,tallbuilding
0.3712230215827338,0.9954954954954955,0.12244298,tallbuilding
0.3733812949640288,0.9954954954954955,0.12244184,tallbuilding
0.37553956834532376,0.9954954954954955,0.12244018,tallbuilding
0.38848920863309355,0.9954954954954955,0.12243956,tallbuilding
0.39280575539568346,0.9954954954954955,0.12243877,tallbuilding
0.3935251798561151,0.9954954954954955,0.12243874,tallbuilding
0.39928057553956836,0.9954954954954955,0.12243858,tallbuilding
0.40431654676258993,0.9954954954954955,0.12243851,tallbuilding
0.40575539568345326,0.9954954954954955,0.12243842,tallbuilding
0.41079136690647483,0.9954954954954955,0.12243812,tallbuilding
0.439568345323741,0.9954954954954955,0.12243798,tallbuilding
0.4841726618705036,0.9954954954954955,0.12243775,tallbuilding
0.49424460431654677,1.0,0.12243324,tallbuilding
0.6086330935251798,1.0,0.12243189,tallbuilding
0.6100719424460431,1.0,0.12243122,tallbuilding
0.6129496402877698,1.0,0.12243097,tallbuilding
0.7762589928057554,1.0,0.12243048,tallbuilding
0.7899280575539568,1.0,0.1224289,tallbuilding
0.7913669064748201,1.0,0.12242782,tallbuilding
0.9877697841726619,1.0,0.12242635,tallbuilding
0.9884892086330935,1.0,0.12242609,tallbuilding
0.9928057553956835,1.0,0.12242355,tallbuilding
1.0,1.0,0.12242261,tallbuilding
